PokemonNumber,PokemonName,Height,Feet,Inches,PokeType,Ability,Description,EvoNumber,FamilyNumber,Type1,Type2
1,Bulbasaur,15.2,2,4,Seed,Overgrow,"Bulbasaur can be seen napping in bright sunlight. There is a seed on its back. By soaking up the sun's rays, the seed grows progressively larger.",1,1,Grass,Poison
2,Ivysaur,28.7,3,3,Seed,Overgrow,"There is a bud on this Pok‚mon's back. To support its weight, Ivysaur's legs and trunk grow thick and strong. If it starts spending more time lying in the sunlight, it's a sign that the bud will bloom into a large flower soon.",2,1,Grass,Poison
3,Venasaur,220.5,6,7,Seed,Overgrow,There is a large flower on Venusaur's back. The flower is said to take on vivid colors if it gets plenty of nutrition and sunlight. The flower's aroma soothes the emotions of people.,3,1,Grass,Poison
4,Charmander,18.7,2,0,Lizard,Blaze,"The flame that burns at the tip of its tail is an indication of its emotions. The flame wavers when Charmander is enjoying itself. If the Pok‚mon becomes enraged, the flame burns fiercely.",1,2,Fire,
5,Charmeleon,41.9,3,7,Lizard,Blaze,"Charmeleon mercilessly destroys its foes using its sharp claws. If it encounters a strong foe, it turns aggressive. In this excited state, the flame at the tip of its tail flares with a bluish white color.",2,2,Fire,
6,Charizard,199.5,5,7,Flame,Blaze,"Charizard flies around the sky in search of powerful opponents. It breathes fire of such great heat that it melts anything. However, it never turns its fiery breath on any opponent weaker than itself.",3,2,Fire,Flying
7,Squirtle,19.8,1,8,Tiny Turtle,Torrent,"Squirtle's shell is not merely used for protection. The shell's rounded shape and the grooves on its surface help minimize resistance in water, enabling this Pok‚mon to swim at high speeds.",1,3,Water,
8,Wortortle,49.6,3,3,Turtle,Torrent,"Its tail is large and covered with a rich, thick fur. The tail becomes increasingly deeper in color as Wartortle ages. The scratches on its shell are evidence of this Pok‚mon's toughness as a battler.",2,3,Water,
9,Blastoise,188.5,5,3,Shellfish,Torrent,Blastoise has water spouts that protrude from its shell. The water spouts are very accurate. They can shoot bullets of water with enough accuracy to strike empty cans from a distance of over 160 feet.,3,3,Water,
10,Caterpie,6.4,1,0,Worm,Shield Dust,"Caterpie has a voracious appetite. It can devour leaves bigger than its body right before your eyes. From its antenna, this Pok‚mon releases a terrifically strong odor.",1,4,Bug,
11,Metapod,21.8,2,4,Cocoon,Shed Skin,The shell covering this Pok‚mon's body is as hard as an iron slab. Metapod does not move very much. It stays still because it is preparing its soft innards for evolution inside the hard shell.,2,4,Bug,
12,Butterfree,70.5,3,7,Butterfly,Compound Eyes,"Butterfree has a superior ability to search for delicious honey from flowers. It can even search out, extract, and carry honey from flowers that are blooming over six miles from its nest.",3,4,Bug,Flying
13,Weedle,7.1,1,0,Hairy Bug,Shield Dust,Weedle has an extremely acute sense of smell. It is capable of distinguishing its favorite kinds of leaves from those it dislikes just by sniffing with its big red proboscis (nose).,1,5,Bug,
14,Kakuna,22,2,0,Cocoon,Shed Skin,"Kakuna remains virtually immobile as it clings to a tree. However, on the inside, it is extremely busy as it prepares for its coming evolution. This is evident from how hot the shell becomes to the touch.",2,5,Bug,
15,Beedrill,65,3,3,Poison Bee,Swarm,"Beedrill is extremely territorial. No one should ever approach its nest?this is for their own safety. If angered, they will attack in a furious swarm.",3,5,Bug,Flying
16,Pidgey,4,1,0,Tiny Bird,Keen Eye,"Pidgey has an extremely sharp sense of direction. It is capable of unerringly returning home to its nest, however far it may be removed from its familiar surroundings.",1,6,Normal,Flying
17,Pidgeotto,66.1,3,7,Bird,Keen Eye,"Pidgeotto claims a large area as its own territory. This Pok‚mon flies around, patrolling its living space. If its territory is violated, it shows no mercy in thoroughly punishing the foe with its sharp claws.",2,6,Normal,Flying
18,Pideot,87.1,4,11,Bird,Keen Eye,"This Pok‚mon has a dazzling plumage of beautifully glossy feathers. Many Trainers are captivated by the striking beauty of the feathers on its head, compelling them to choose Pidgeot as their Pok‚mon.",3,6,Normal,Flying
19,Rattata,7.7,1,0,Mouse,Run Away,"Rattata is cautious in the extreme. Even while it is asleep, it constantly listens by moving its ears around. It is not picky about where it lives?it will make its nest anywhere.",1,7,Normal,
20,Raticate,40.8,2,4,Mouse,Run Away,"Raticate's sturdy fangs grow steadily. To keep them ground down, it gnaws on rocks and logs. It may even chew on the walls of houses.",2,7,Normal,
21,Spearow,4.4,1,0,Tiny Bird,Keen Eye,"Spearow has a very loud cry that can be heard over half a mile away. If its high, keening cry is heard echoing all around, it is a sign that they are warning each other of danger.",1,8,Normal,Flying
22,Fearow,83.8,3,11,Beak,Keen Eye,Fearow is recognized by its long neck and elongated beak. They are conveniently shaped for catching prey in soil or water. It deftly moves its long and skinny beak to pluck prey.,2,8,Normal,Flying
23,Ekans,15.2,6,7,Snake,Shed Skin,Ekans curls itself up in a spiral while it rests. Assuming this position allows it to quickly respond to a threat from any direction with a glare from its upraised head.,1,9,Poison,
24,Arbok,143.3,11,6,Cobra,Shed Skin,"This Pok‚mon is terrifically strong in order to constrict things with its body. It can even flatten steel oil drums. Once Arbok wraps its body around its foe, escaping its crunching embrace is impossible",2,9,Poison,
25,Pikachu,13.2,1,4,Mouse,Static,"Whenever Pikachu comes across something new, it blasts it with a jolt of electricity. If you come across a blackened berry, it's evidence that this Pok‚mon mistook the intensity of its charge.",1,10,Electric,
26,Raichu,66.1,2,7,Mouse,Static,"If the electrical sacs become excessively charged, Raichu plants its tail in the ground and discharges. Scorched patches of ground will be found near this Pok‚mon's nest. ",2,10,Electric,
27,Sandshrew,36.5,2,0,Mouse,Sand Veil,"Sandshrew's body is configured to absorb water without waste, enabling it to survive in an arid desert. This Pok‚mon curls up to protect itself from its enemies.",1,11,Ground,
28,Sandslash,65,3,3,Mouse,Sand Veil,"Sandslash's body is covered by tough spikes, which are hardened sections of its hide. Once a year, the old spikes fall out, to be replaced with new spikes that grow out from beneath the old ones.",2,11,Ground,
29,Nidoran,15.4,1,4,Poison Pin,Poison Point,"Nidoran? has barbs that secrete a powerful poison. They are thought to have developed as protection for this small-bodied Pok‚mon. When enraged, it releases a horrible toxin from its horn.",1,12,Poison,
30,Nidorina,44.1,2,7,Poison Pin,Poison Point,"When Nidorina are with their friends or family, they keep their barbs tucked away to prevent hurting each other. This Pok‚mon appears to become nervous if separated from the others.",2,12,Poison,
31,Nidoqueen,132.3,4,3,Drill,Poison Point,Nidoqueen's body is encased in extremely hard scales. It is adept at sending foes flying with harsh tackles. This Pok‚mon is at its strongest when it is defending its young.,3,12,Poison,Ground
32,Nidoran,19.8,1,8,Poison Pin,Poison Point,"Nidoran? has developed muscles for moving its ears. Thanks to them, the ears can be freely moved in any direction. Even the slightest sound does not escape this Pok‚mon's notice.",1,13,Poison,
33,Nidorino,43,2,11,Poison Pin,Poison Point,"Nidorino has a horn that is harder than a diamond. If it senses a hostile presence, all the barbs on its back bristle up at once, and it challenges the foe with all its might.",2,13,Poison,
34,Nidoking,136.7,4,7,Drill,Poison Point,"Nidoking's thick tail packs enormously destructive power. With one swing, it can topple a metal transmission tower. Once this Pok‚mon goes on a rampage, there is no stopping it.",3,13,Poison,Ground
35,Clefairy,16.5,2,0,Fairy,Cute Charm,"On every night of a full moon, groups of this Pok‚mon come out to play. When dawn arrives, the tired Clefairy return to their quiet mountain retreats and go to sleep nestled up against each other.",1,14,Normal,
36,Clefable,88.2,4,3,Fairy,Cute Charm,"Clefable moves by skipping lightly as if it were flying using its wings. Its bouncy step lets it even walk on water. It is known to take strolls on lakes on quiet, moonlit nights.",2,14,Normal,
37,Vulpix,21.8,2,0,Fox,Flash Fire,"At the time of its birth, Vulpix has one white tail. The tail separates into six if this Pok‚mon receives plenty of love from its Trainer. The six tails become magnificently curled. ",1,15,Fire,
38,Ninetails,43.9,3,7,Fox,Flash Fire,Ninetales casts a sinister light from its bright red eyes to gain total control over its foe's mind. This Pok‚mon is said to live for a thousand years.,2,15,Fire,
39,Jugglypuff,12.1,1,8,Balloon,Cute Charm,Jigglypuff's vocal cords can freely adjust the wavelength of its voice. This Pok‚mon uses this ability to sing at precisely the right wavelength to make its foes most drowsy.,1,16,Normal,
40,Wigglytuff,26.5,3,3,Balloon,Cute Charm,"Wigglytuff has large, saucerlike eyes. The surfaces of its eyes are always covered with a thin layer of tears. If any dust gets in this Pok‚mon's eyes, it is quickly washed away.",2,16,Normal,
41,Zubat,16.5,2,7,Bat,Inner Focus,Zubat remains quietly unmoving in a dark spot during the bright daylight hours. It does so because prolonged exposure to the sun causes its body to become slightly burned.,1,17,Poison,Flying
42,Golbat,121.3,5,3,Bat,Inner Focus,"Golbat loves to drink the blood of living things. It is particularly active in the pitch black of night. This Pok‚mon flits around in the night skies, seeking fresh blood.",2,17,Poison,Flying
43,Oddish,11.9,1,8,Weed,Clorophyll,"During the daytime, Oddish buries itself in soil to absorb nutrients from the ground using its entire body. The more fertile the soil, the glossier its leaves become.",1,18,Grass,Poison
44,Gloom,19,2,7,Weed,Clorophyll,"Gloom releases a foul fragrance from the pistil of its flower. When faced with danger, the stench worsens. If this Pok‚mon is feeling calm and secure, it does not release its usual stinky aroma.",2,18,Grass,Poison
45,Vileplume,41,3,11,Flower,Clorophyll,"Vileplume's toxic pollen triggers atrocious allergy attacks. That's why it is advisable never to approach any attractive flowers in a jungle, however pretty they may be.",3,18,Grass,Poison
46,Paras,11.9,1,0,Mushroom,Effect Spore,Paras has parasitic mushrooms growing on its back called tochukaso. They grow large by drawing nutrients from this Bug Pok‚mon host. They are highly valued as a medicine for extending life.,1,19,Bug,
47,Parasect,65,3,3,Mushroom,Effect Spore,"Parasect is known to infest large trees en masse and drain nutrients from the lower trunk and roots. When an infested tree dies, they move onto another tree all at once.",2,19,Bug,
48,Venonat,66.1,3,3,Insect,Compound Eyes,"Venonat is said to have evolved with a coat of thin, stiff hair that covers its entire body for protection. It possesses large eyes that never fail to spot even minuscule prey.",1,20,Bug,
49,Venomoth,27.6,4,11,Poison Moth,Shield Dust,"Venomoth is nocturnal?it is a Pok‚mon that only becomes active at night. Its favorite prey are small insects that gather around streetlights, attracted by the light in the darkness.",2,20,Bug,Poison
50,Diglett,1.8,0,8,Mole,Sand Veil,"Diglett are raised in most farms. The reason is simple? wherever this Pok‚mon burrows, the soil is left perfectly tilled for planting crops. This soil is made ideal for growing delicious vegetables.",1,21,Ground,
51,Dugtrio,73.4,2,4,Mole,Sand Veil,"Dugtrio are actually triplets that emerged from one body. As a result, each triplet thinks exactly like the other two triplets. They work cooperatively to burrow endlessly.",2,21,Ground,
52,Meowth,9.3,1,4,Scratch Cat,Pickup,"Meowth withdraws its sharp claws into its paws to slinkily sneak about without making any incriminating footsteps. For some reason, this Pok‚mon loves shiny coins that glitter with light.",1,22,Normal,
53,Persian,70.5,3,3,Classy Cat,Techician,Persian has six bold whiskers that give it a look of toughness. The whiskers sense air movements to determine what is in the Pok‚mon's surrounding vicinity. It becomes docile if grabbed by the whiskers.,2,22,Normal,
54,Psyduck,43.2,2,7,Duck,Damp,"Psyduck uses a mysterious power. When it does so, this Pok‚mon generates brain waves that are supposedly only seen in sleepers. This discovery spurred controversy among scholars.",1,23,Water,
55,Golduck,168.9,5,7,Duck,Damp,The webbed flippers on its forelegs and hind legs and the streamlined body of Golduck give it frightening speed. This Pok‚mon is definitely much faster than even the most athletic swimmer.,2,23,Water,
56,Mankey,61.7,1,8,Pig Monkey,Vital Spirit,"When Mankey starts shaking and its nasal breathing turns rough, it's a sure sign that it is becoming angry. However, because it goes into a towering rage almost instantly, it is impossible for anyone to flee its wrath.",1,24,Fighting,
57,Primape,70.5,3,3,Pig Monkey,Vital Spirit,"When Primeape becomes furious, its blood circulation is boosted. In turn, its muscles are made even stronger. However, it also becomes much less intelligent at the same time.",2,24,Fighting,
58,Growlithe,41.9,2,4,Puppy,Intimidate,"Growlithe has a superb sense of smell. Once it smells anything, this Pok‚mon won't forget the scent, no matter what. It uses its advanced olfactory sense to determine the emotions of other living things.",1,25,Fire,
59,Arcanine,341.7,6,3,Legendary,Intimidate,"Arcanine is known for its high speed. It is said to be capable of running over 6,200 miles in a single day and night. The fire that blazes wildly within this Pok‚mon's body is its source of power.",2,25,Fire,
60,Poliwag,27.3,2,0,Tadpole,Damp,"Poliwag has a very thin skin. It is possible to see the Pok‚mon's spiral innards right through the skin. Despite its thinness, however, the skin is also very flexible. Even sharp fangs bounce right off it.",1,26,Water,
61,Poliwhirl,44.1,3,3,Tadpole,Damp,"The surface of Poliwhirl's body is always wet and slick with a slimy fluid. Because of this slippery covering, it can easily slip and slide out of the clutches of any enemy in battle.",2,26,Water,
62,Poliwrath,119,4,3,Tadpole,Damp,"Poliwrath's highly developed, brawny muscles never grow fatigued, however much it exercises. It is so tirelessly strong, this Pok‚mon can swim back and forth across the ocean without effort.",3,26,Water,Fighting
63,Abra,43,2,11,Psi,Inner Focus,"Abra sleeps for eighteen hours a day. However, it can sense the presence of foes even while it is sleeping. In such a situation, this Pok‚mon immediately teleports to safety.",1,27,Psychic,
64,Kadabra,124.6,4,3,Psi,Inner Focus,Kadabra emits a peculiar alpha wave if it develops a headache. Only those people with a particularly strong psyche can hope to become a Trainer of this Pok‚mon.,2,27,Psychic,
65,Alakazam,105.8,4,11,Psi,Inner Focus,"Alakazam's brain continually grows, making its head far too heavy to support with its neck. This Pok‚mon holds its head up using its psychokinetic power instead.",3,27,Psychic,
66,Machop,43,2,7,Superpower,Guts,Machop's muscles are special?they never get sore no matter how much they are used in exercise. This Pok‚mon has sufficient power to hurl a hundred adult humans.,1,28,Fighting,
67,Machoke,155.4,4,11,Superpower,Guts,"Machoke's thoroughly toned muscles possess the hardness of steel. This Pok‚mon has so much strength, it can easily hold aloft a sumo wrestler on just one finger.",2,28,Fighting,
68,Machamp,286.6,5,3,Superpower,Guts,"Machamp has the power to hurl anything aside. However, trying to do any work requiring care and dexterity causes its arms to get tangled. This Pok‚mon tends to leap into action before it thinks.",3,28,Fighting,
69,Bellsprout,8.8,2,4,Flower,Chlorophyll,"Bellsprout's thin and flexible body lets it bend and sway to avoid any attack, however strong it may be. From its mouth, this Pok‚mon spits a corrosive fluid that melts even iron.",1,29,Grass,Poison
70,Weepinbell,14.1,3,3,Flycatcher,Chlorophyll,"Weepinbell has a large hook on its rear end. At night, the Pok‚mon hooks on to a tree branch and goes to sleep. If it moves around in its sleep, it may wake up to find itself on the ground.",2,29,Grass,Poison
71,Victreebel,34.2,5,7,Flycatcher,Chlorophyll,"Victreebel has a long vine that extends from its head. This vine is waved and flicked about as if it were an animal to attract prey. When an unsuspecting prey draws near, this Pok‚mon swallows it whole.",3,29,Grass,Poison
72,Tentacool,100.3,2,11,Jellyfish,Clear Body,"Tentacool's body is largely composed of water. If it is removed from the sea, it dries up like parchment. If this Pok‚mon happens to become dehydrated, put it back into the sea.",1,30,Water,Poison
73,Tentacruel,121.3,5,3,Jellyfish,Clear Body,Tentacruel has large red orbs on its head. The orbs glow before lashing the vicinity with a harsh ultrasonic blast. This Pok‚mon's outburst creates rough waves around it.,2,30,Water,Poison
74,Geodude,44.1,1,4,Rock,Rock Head,"The longer a Geodude lives, the more its edges are chipped and worn away, making it more rounded in appearance. However, this Pok‚mon's heart will remain hard, craggy, and rough always.",1,31,Rock,Ground
75,Graveler,231.5,3,3,Rock,Rock Head,"Graveler grows by feeding on rocks. Apparently, it prefers to eat rocks that are covered in moss. This Pok‚mon eats its way through a ton of rocks on a daily basis.",2,31,Rock,Ground
76,Golem,661.4,4,7,Rock,Rock Head,"Golem live up on mountains. If there is a large earthquake, these Pok‚mon will come rolling down off the mountains en masse to the foothills below.",3,31,Rock,Ground
77,Ponyta,66.1,3,3,Fire Horse,Run Away,Ponyta is very weak at birth. It can barely stand up. This Pok‚mon becomes stronger by stumbling and falling to keep up with its parent.,1,32,Fire,
78,Rapidash,209.4,5,7,Fire Horse,Run Away,"Rapidash usually can be seen casually cantering in the fields and plains. However, when this Pok‚mon turns serious, its fiery manes flare and blaze as it gallops its way up to 150 mph.",2,32,Fire,
79,Slowpoke,79.4,3,11,Dopey,Oblivious,"Slowpoke uses its tail to catch prey by dipping it in water at the side of a river. However, this Pok‚mon often forgets what it's doing and often spends entire days just loafing at water's edge.",1,33,Water,Psychic
80,Slowbro,173.1,5,3,Hermit Crab,Oblivious,"Slowbro's tail has a Shellder firmly attached with a bite. As a result, the tail can't be used for fishing anymore. This causes Slowbro to grudgingly swim and catch prey instead.",2,33,Water,Psychic
81,Magnemite,13.2,1,0,Magnet,Sturdy,"Magnemite attaches itself to power lines to feed on electricity. If your house has a power outage, check your circuit breakers. You may find a large number of this Pok‚mon clinging to the breaker box.",1,34,Electric,
82,Magneton,132.3,3,3,Magnet,Sturdy,"Magneton emits a powerful magnetic force that is fatal to mechanical devices. As a result, large cities sound sirens to warn citizens of large-scale outbreaks of this Pok‚mon.",2,34,Electric,
83,Farfetched,33.1,2,7,Wild Duck,Keen Eye,"Farfetch'd is always seen with a stalk from a plant of some sort. Apparently, there are good stalks and bad stalks. This Pok‚mon has been known to fight with others over stalks.",1,35,Normal,Flying
84,Doduo,86.4,4,7,Twin Bird,Run Away,"Doduo's two heads never sleep at the same time. Its two heads take turns sleeping, so one head can always keep watch for enemies while the other one sleeps.",1,36,Normal,Flying
85,Dodrio,187.8,5,11,Triple Bird,Run Away,Watch out if Dodrio's three heads are looking in three separate directions. It's a sure sign that it is on its guard. Don't go near this Pok‚mon if it's being wary?it may decide to peck you.,2,36,Normal,Flying
86,Seel,198.4,3,7,Sea Lion,Think Fat,"Seel hunts for prey in the frigid sea underneath sheets of ice. When it needs to breathe, it punches a hole through the ice with the sharply protruding section of its head.",1,37,Water,
87,Dewgong,264.6,5,7,Sea Lion,Think Fat,Dewgong loves to snooze on bitterly cold ice. The sight of this Pok‚mon sleeping on a glacier was mistakenly thought to be a mermaid by a mariner long ago.,2,37,Water,Ice
88,Grimer,66.1,2,11,Sludge,Stench,"Grimer's sludgy and rubbery body can be forced through any opening, however small it may be. This Pok‚mon enters sewer pipes to drink filthy wastewater.",1,38,Poison,
89,Muk,66.1,3,11,Sludge,Stench,From Muk's body seeps a foul fluid that gives off a nose-bendingly horrible stench. Just one drop of this Pok‚mon's body fluid can turn a pool stagnant and rancid.,2,38,Poison,
90,Shellder,8.8,1,0,Bivalve,Shell Armor,"At night, this Pok‚mon uses its broad tongue to burrow a hole in the seafloor sand and then sleep in it. While it is sleeping, Shellder closes its shell, but leaves its tongue hanging out. ",1,39,Water,
91,Cloyster,292.1,4,11,Bivalve,Shell Armor,"Cloyster is capable of swimming in the sea. It does so by swallowing water, then jetting it out toward the rear. This Pok‚mon shoots spikes from its shell using the same system.",2,39,Water,Ice
92,Gastly,0.2,4,3,Gas,Levitate,"Gastly is largely composed of gaseous matter. When exposed to a strong wind, the gaseous body quickly dwindles away. Groups of this Pok‚mon cluster under the eaves of houses to escape the ravages of wind.",1,40,Ghost,Poison
93,Haunter,0.2,5,3,Gas,Levitate,"Haunter is a dangerous Pok‚mon. If one beckons you while floating in darkness, you must never approach it. This Pok‚mon will try to lick you with its tongue and steal your life away.",2,40,Ghost,Poison
94,Gengar,89.3,4,11,Shadow,Levitate,"Sometimes, on a dark night, your shadow thrown by a streetlight will suddenly and startlingly overtake you. It is actually a Gengar running past you, pretending to be your shadow.",3,40,Ghost,Poison
95,Onix,463,28,10,Rock Snake,Rock Head,"Onix has a magnet in its brain. It acts as a compass so that this Pok‚mon does not lose direction while it is tunneling. As it grows older, its body becomes increasingly rounder and smoother.",1,41,Rock,Ground
96,Drowzee,71.4,3,3,Hypnosis,Insomnia,"If your nose becomes itchy while you are sleeping, it's a sure sign that one of these Pok‚mon is standing above your pillow and trying to eat your dream through your nostrils.",1,42,Psychic,
97,Hypno,166.7,5,3,Hypnosis,Insomnia,"Hypno holds a pendulum in its hand. The arcing movement and glitter of the pendulum lull the foe into a deep state of hypnosis. While this Pok‚mon searches for prey, it polishes the pendulum.",2,42,Psychic,
98,Krabby,14.3,1,4,River Crab,Shell Armor,"Krabby live on beaches, burrowed inside holes dug into the sand. On sandy beaches with little in the way of food, these Pok‚mon can be seen squabbling with each other over territory.",1,43,Water,
99,Kingler,132.3,4,3,Pincer,Shell Armor,"Kingler has an enormous, oversized claw. It waves this huge claw in the air to communicate with others. However, because the claw is so heavy, the Pok‚mon quickly tires.",2,43,Water,
100,Voltorb,22.9,1,8,Ball,Static,Voltorb was first sighted at a company that manufactures Pok‚ Balls. The link between that sighting and the fact that this Pok‚mon looks very similar to a Pok‚ Ball remains a mystery.,1,44,Electric,
101,Electrode,146.8,3,11,Ball,Static,"Electrode eats electricity in the atmosphere. On days when lightning strikes, you can see this Pok‚mon exploding all over the place from eating too much electricity.",2,44,Electric,
102,Exeggcute,5.5,1,4,Egg,Chlorophyll,"This Pok‚mon consists of six eggs that form a closely knit cluster. The six eggs attract each other and spin around. When cracks increasingly appear on the eggs, Exeggcute is close to evolution. ",1,45,Grass,Psychic
103,Exeggutor,264.6,6,7,Coconut,Chlorophyll,"Exeggutor originally came from the tropics. Its heads steadily grow larger from exposure to strong sunlight. It is said that when the heads fall off, they group together to form Exeggcute.",2,45,Grass,Psychic
104,Cubone,14.3,1,4,Lonely,Rock Head,"Cubone pines for the mother it will never see again. Seeing a likeness of its mother in the full moon, it cries. The stains on the skull the Pok‚mon wears are made by the tears it sheds.",1,46,Ground,
105,Marowak,99.2,3,3,Bone Keeper,Rock Head,Marowak is the evolved form of a Cubone that has overcome its sadness at the loss of its mother and grown tough. This Pok‚mon's tempered and hardened spirit is not easily broken.,2,46,Ground,
106,Hitmonlee,109.8,4,11,Kicking,Limber,"Hitmonlee's legs freely contract and stretch. Using these springlike legs, it bowls over foes with devastating kicks. After battle, it rubs down its legs and loosens the muscles to overcome fatigue.",1,47,Fighting,
107,Hitmonchan,110.7,4,7,Punching,Keen Eye,Hitmonchan is said to possess the spirit of a boxer who had been working toward a world championship. This Pok‚mon has an indomitable spirit and will never give up in the face of adversity.,1,48,Fighting,
108,Lickitung,144.4,3,11,Licking,Oblivious,"Whenever Lickitung comes across something new, it will unfailingly give it a lick. It does so because it memorizes things by texture and by taste. It is somewhat put off by sour things.",1,49,Normal,
109,Koffing,2.2,2,0,Poison Gas,Levitate,"If Koffing becomes agitated, it raises the toxicity of its internal gases and jets them out from all over its body. This Pok‚mon may also overinflate its round body, then explode.",1,50,Poison,
110,Weezing,20.9,3,11,Poison Gas,Levitate,"Weezing loves the gases given off by rotted kitchen garbage. This Pok‚mon will find a dirty, unkempt house and make it its home. At night, when the people in the house are asleep, it will go through the trash.",2,50,Poison,
111,Rhyhorn,253.5,3,3,Spikes,Rock Head,"Rhyhorn runs in a straight line, smashing everything in its path. It is not bothered even if it rushes headlong into a block of steel. This Pok‚mon may feel some pain from the collision the next day, however.",1,51,Rock,Ground
112,Rhydon,264.6,6,3,Drill,Rock Head,Rhydon's horn can crush even uncut diamonds. One sweeping blow of its tail can topple a building. This Pok‚mon's hide is extremely tough. Even direct cannon hits don't leave a scratch.,2,51,Rock,Ground
113,Chansey,76.3,3,7,Egg,Natural Cure,"Chansey lays nutritionally excellent eggs on an everyday basis. The eggs are so delicious, they are easily and eagerly devoured by even those people who have lost their appetite.",1,52,Normal,
114,Tangela,77.2,3,3,Vine,Chlorophyll,"Tangela's vines snap off easily if they are grabbed. This happens without pain, allowing it to make a quick getaway. The lost vines are replaced by newly grown vines the very next day.",1,53,Grass,Poison
115,Kangaskhan,176.4,7,3,Parent,Early Bird,"If you come across a young Kangaskhan playing by itself, you must never disturb it or attempt to catch it. The baby Pok‚mon's parent is sure to be in the area, and it will become violently enraged at you.",1,54,Normal,
116,Horsea,17.6,1,4,Dragon,Swift Swim,"Horsea eats small insects and moss off of rocks. If the ocean current turns fast, this Pok‚mon anchors itself by wrapping its tail around rocks or coral to prevent being washed away.",1,55,Water,
117,Seadra,55.1,3,11,Dragon,Poison Point,Seadra sleeps after wriggling itself between the branches of coral. Those trying to harvest coral are occasionally stung by this Pok‚mon's poison barbs if they fail to notice it.,2,55,Water,
118,Goldeen,33.1,2,0,Goldfish,Swift Swim,"Goldeen is a very beautiful Pok‚mon with fins that billow elegantly in water. However, don't let your guard down around this Pok‚mon?it could ram you powerfully with its horn.",1,56,Water,
119,Seaking,86,4,3,Goldfish,Swift Swim,"In the autumn, Seaking males can be seen performing courtship dances in riverbeds to woo females. During this season, this Pok‚mon's body coloration is at its most beautiful.",2,56,Water,
120,Staryu,76.1,2,7,Star Shape,Natural Cure,"Staryu's center section has an organ called the core that shines bright red. If you go to a beach toward the end of summer, the glowing cores of these Pok‚mon look like the stars in the sky.",1,57,Water,
121,Starmie,176.4,3,7,Mysterious,Natural Cure,"Starmie's center section?the core?glows brightly in seven colors. Because of its luminous nature, this Pok‚mon has been given the nickname ?the gem of the sea.""",2,57,Water,
122,Mr.Mime,120.1,4,3,Barrier,Soundproof,"Mr. Mime is a master of pantomime. Its gestures and motions convince watchers that something unseeable actually exists. Once the watchers are convinced, the unseeable thing exists as if it were real.",1,58,Psychic,
123,Scyther,123.5,4,11,Mantis,Swarm,"Scyther is blindingly fast. Its blazing speed enhances the effectiveness of the twin scythes on its forearms. This Pok‚mon's scythes are so effective, they can slice through thick logs in one wicked stroke.",1,59,Bug,Flying
124,Jinx,89.5,4,7,Human Shape,Oblivious,"Jynx walks rhythmically, swaying and shaking its hips as if it were dancing. Its motions are so bouncingly alluring, people seeing it are compelled to shake their hips without giving any thought to what they are doing.",1,60,Psychic,Ice
125,Electabuzz,66.1,3,7,Electric,Static,"When a storm arrives, gangs of this Pok‚mon compete with each other to scale heights that are likely to be stricken by lightning bolts. Some towns use Electabuzz in place of lightning rods.",1,61,Electric,
126,Magmar,98.1,4,3,Spitfire,Flame Body,"In battle, Magmar blows out intensely hot flames from all over its body to intimidate its opponent. This Pok‚mon's fiery bursts create heat waves that ignite grass and trees in its surroundings.",1,62,Fire,
127,Pinsir,121.3,4,11,Stag Beetle,Hyper Cutter,Pinsir is astoundingly strong. It can grip a foe weighing twice its weight in its horns and easily lift it. This Pok‚mon's movements turn sluggish in cold places.,1,63,Bug,
128,Tauros,194.9,4,7,Wild Bull,Intimidate,"This Pok‚mon is not satisfied unless it is rampaging at all times. If there is no opponent for Tauros to battle, it will charge at thick trees and knock them down to calm itself.",1,64,Normal,
129,Magikarp,22,2,11,Fish,Swift Swim,Magikarp is a pathetic excuse for a Pok‚mon that is only capable of flopping and splashing. This behavior prompted scientists to undertake research into it.,1,65,Water,
130,Gyarados,518.1,21,4,Atrocious,Intimidate,"When Magikarp evolves into Gyarados, its brain cells undergo a structural transformation. It is said that this transformation is to blame for this Pok‚mon's wildly violent nature.",2,65,Water,Flying
131,Lapras,485,8,2,Transport,Water Absorb,"People have driven Lapras almost to the point of extinction. In the evenings, this Pok‚mon is said to sing plaintively as it seeks what few others of its kind still remain.",1,66,Water,Ice
132,Ditto,8.8,1,0,Transform,Limber,"Ditto rearranges its cell structure to transform itself into other shapes. However, if it tries to transform itself into something by relying on its memory, this Pok‚mon manages to get details wrong.",1,67,Normal,
133,Eevee,14.3,1,0,Evolution,Run Away,Eevee has an unstable genetic makeup that suddenly mutates due to the environment in which it lives. Radiation from various stones causes this Pok‚mon to evolve.,1,68,Normal,
134,Vaporeon,63.9,3,3,Bubble Jet,Water Absorb,Vaporeon underwent a spontaneous mutation and grew fins and gills that allow it to live underwater. This Pok‚mon has the ability to freely control water.,2,68,Water,
135,Jolteon,54,2,7,Lightning,Volt Absorb,"Jolteon's cells generate a low level of electricity. This power is amplified by the static electricity of its fur, enabling the Pok‚mon to drop thunderbolts. The bristling fur is made of electrically charged needles.",2,68,Electric,
136,Flareon,55.1,2,11,Flame,Flash Fire,"Flareon's fluffy fur has a functional purpose?it releases heat into the air so that its body does not get excessively hot. This Pok‚mon's body temperature can rise to a maximum of 1,650 degrees Fahrenheit.",2,68,Fire,
137,Porygon,80.5,2,7,Virtual,Trace,Porygon is capable of reverting itself entirely back to program data and entering cyberspace. This Pok‚mon is copy protected so it cannot be duplicated by copying.,1,69,Normal,
138,Omanyte,16.5,1,4,Spiral,Shell Armor,"Omanyte is one of the ancient and long-since-extinct Pok‚mon that have been regenerated from fossils by people. If attacked by an enemy, it withdraws itself inside its hard shell.",1,70,Rock,Water
139,Omastar,77.2,3,3,Spiral,Shell Armor,"Omastar uses its tentacles to capture its prey. It is believed to have become extinct because its shell grew too large and heavy, causing its movements to become too slow and ponderous. ",2,70,Rock,Water
140,Kabuto,25.4,1,8,Shellfish,Swift Swim,"Kabuto is a Pok‚mon that has been regenerated from a fossil. However, in extremely rare cases, living examples have been discovered. The Pok‚mon has not changed at all for 300 million years.",1,71,Rock,Water
141,Kabutops,89.3,4,3,Shellfish,Swift Swim,Kabutops swam underwater to hunt for its prey in ancient times. The Pok‚mon was apparently evolving from being a water dweller to living on land as evident from the beginnings of change in its gills and legs.,2,71,Rock,Water
142,Aerodactyl,130.1,5,11,Fossil,Rock Head,Aerodactyl is a Pok‚mon from the age of dinosaurs. It was regenerated from genetic material extracted from amber. It is imagined to have been the king of the skies in ancient times.,1,72,Rock,Flying
143,Snorlax,1014.1,6,11,Sleeping,Think Fat,Snorlax's typical day consists of nothing more than eating and sleeping. It is such a docile Pok‚mon that there are children who use its expansive belly as a place to play.,1,73,Normal,
144,Articuno,122.1,5,7,Freeze,Pressure,"Articuno is a legendary bird Pok‚mon that can control ice. The flapping of its wings chills the air. As a result, it is said that when this Pok‚mon flies, snow will fall.",1,74,Ice,Flying
145,Zapdos,116,5,3,Electric,Pressure,Zapdos is a legendary bird Pok‚mon that has the ability to control electricity. It usually lives in thunderclouds. The Pok‚mon gains power if it is stricken by lightning bolts.,1,75,Electric,Flying
146,Moltres,132.3,6,7,Flame,Pressure,"Moltres is a legendary bird Pok‚mon that has the ability to control fire. If this Pok‚mon is injured, it is said to dip its body in the molten magma of a volcano to burn and heal itself.",1,76,Fire,Flying
147,Dratini,7.3,5,11,Dragon,Shed Skin,Dratini continually molts and sloughs off its old skin. It does so because the life energy within its body steadily builds to reach uncontrollable levels.,1,77,Dragon,
148,Dragonair,36.4,13,1,Dragon,Shed Skin,Dragonair stores an enormous amount of energy inside its body. It is said to alter weather conditions in its vicinity by discharging energy from the crystals on its neck and tail.,2,77,Dragon,
149,Dragonite,463,7,3,Dragon,Inner Focus,Dragonite is capable of circling the globe in just 16 hours. It is a kindhearted Pok‚mon that leads lost and foundering ships in a storm to the safety of land.,3,77,Dragon,Flying
150,Mewtwo,269,6,7,Genetic,Pressure,"Mewtwo is a Pok‚mon that was created by genetic manipulation. However, even though the scientific power of humans created this Pok‚mon's body, they failed to endow Mewtwo with a compassionate heart.",1,78,Psychic,
151,Mew,8.8,1,4,New Species,Synchronize,"Mew is said to possess the genetic composition of all Pok‚mon. It is capable of making itself invisible at will, so it entirely avoids notice even if it approaches people.",1,79,Psychic,
